Model,Accuracy,Precision,Recall,F1_Score
Logistic Regression,0.38461538461538464,0.36538461538461536,0.38461538461538464,0.37118437118437114
Decision Tree,0.46153846153846156,0.46153846153846156,0.46153846153846156,0.45765345765345766
Random Forest,0.5384615384615384,0.6752136752136753,0.5384615384615384,0.47985347985347987
